card_id,topic,question,answer,explanation,related_objectives,source_question_ids,sources
C001,Networking,A PC assigns itself 169.254.20.8. What does this address tell you?,"It has an IPv4 link-local address, often called APIPA in Windows.",APIPA means Automatic Private IP Addressing. It permits local-link communication without a DHCP lease. Routers do not forward it. Check the cable or Wi-Fi connection and DHCP service; it does not by itself prove the server is broken.,"2.6, 5.5","A119, A190, B008, B068, B093, C015, D048, D095, E054, E106",https://www.rfc-editor.org/rfc/rfc3927
C002,Networking,What does DHCP give a client?,"Dynamic Host Configuration Protocol can lease an IP address and supply a subnet mask, default gateway and DNS server addresses.",The client needs an address and network settings before it can communicate normally. DNS resolves names; DHCP supplies configuration. They perform different jobs even when one server runs both.,"2.3, 2.4","A102, A165, A173, B011, B091, C142, C190, D062, D102, D173, E028, E088",https://learn.microsoft.com/en-us/windows-server/networking/technologies/dhcp/dhcp-top
C003,Networking,How can a network printer keep a predictable IP address while using DHCP?,"Create a DHCP reservation for the printer's client identifier, commonly its MAC address.","A reservation repeatedly offers that client the same address. A manual static address is another approach, but it must avoid addresses that DHCP may lease to someone else. MAC means Media Access Control.","2.4, 3.7","A101, A112, B111, C017, C034, C164, E045",https://learn.microsoft.com/en-us/windows-server/networking/technologies/dhcp/dhcp-scopes
C004,Networking,A DHCP server has no free addresses in its scope. What happens to new clients?,New clients may fail to obtain a lease.,"A scope is the pool of addresses for a subnet. Check utilization, stale leases and exclusions. Expand the pool only within the intended subnet and network plan; do not randomly widen the subnet mask.","2.4, 5.5","C191, D002",https://learn.microsoft.com/en-us/windows-server/networking/technologies/dhcp/dhcp-scopes
C005,Networking,Several clients suddenly receive the wrong gateway through DHCP. What should you inspect?,Inspect the DHCP options and identify which server supplied each lease.,An incorrect option or unauthorized DHCP server can give valid-looking but unusable settings. A rogue server is an unauthorized server. Compare affected clients' DHCP server and gateway entries with the network plan.,"2.4, 5.5","A124, D092",https://learn.microsoft.com/en-us/windows-server/networking/technologies/dhcp/dhcp-top
C006,Networking,"A PC is 192.168.10.5/24, but its gateway is 192.168.1.1. What is wrong in a conventional LAN?",The gateway is outside the PC's local subnet.,"With /24, the first three octets identify this subnet: 192.168.10.0. Use the actual router address on that subnet after verifying it. A default gateway forwards traffic to other networks; a DNS server does not do that job.","2.6, 5.5","B041, C018, C171, E060",https://learn.microsoft.com/en-us/troubleshoot/windows-client/networking/tcpip-addressing-and-subnetting
C007,Networking,"What does 255.255.255.0 mean, and why would /32 be wrong for an ordinary /24 office LAN?","255.255.255.0 is /24: 24 network bits. /32 identifies one IPv4 address, not the intended shared /24 subnet.",The mask helps a host decide whether a destination is local or needs a router. /32 has valid uses elsewhere; it is a mismatch in this stated LAN scenario.,"2.6, 5.5","B047, C138",https://learn.microsoft.com/en-us/troubleshoot/windows-client/networking/tcpip-addressing-and-subnetting
C008,Networking,Which three IPv4 ranges are reserved for private networks?,10.0.0.0/8; 172.16.0.0/12; and 192.168.0.0/16.,The middle range runs from 172.16.0.0 through 172.31.255.255. Not every 172 address is private. These addresses are reused inside private networks and are not globally routed on the public internet.,2.6,"D035, D170, D191",https://www.rfc-editor.org/rfc/rfc1918
C009,Networking,Two PCs on the same LAN use the same IPv4 address. What can happen?,An IP address conflict can cause unreliable or failed communication.,"Each host needs a unique address on that subnet. Find which assignment is wrong, correct it, and keep manually assigned addresses out of the DHCP pool. Do not change a server's address without considering services that depend on it.",5.5,"A128, A185, B028",https://learn.microsoft.com/en-us/troubleshoot/windows-client/networking/tcpip-addressing-and-subnetting
C010,Networking,"Which Windows command shows detailed adapter settings, including DHCP and DNS servers?",ipconfig /all.,"It displays configuration useful for comparing a failing client with a working one. Check the address, mask, gateway and lease source. Reading settings does not prove every network path works.",5.5,E001,https://learn.microsoft.com/en-us/windows-server/administration/windows-commands/ipconfig
C011,Networking,"What do DNS A, AAAA and MX records identify?",A: an IPv4 address. AAAA: an IPv6 address. MX: a mail exchanger for a domain.,"DNS means Domain Name System. It stores several kinds of records, not just website addresses. An MX record names a mail server; it does not directly contain the destination's IP address.","2.3, 2.4","A108, B001, B195, C051, C176, E015, E018, E030, E046",https://learn.microsoft.com/en-us/windows-server/networking/dns/dns-overview; https://learn.microsoft.com/en-us/windows-server/networking/dns/dns-architecture
C012,Networking,A service works by IP address but fails by name. What should you investigate?,"Name resolution: the configured DNS server, its records, the local cache and any hosts-file override.","This comparison points toward name resolution, but web certificates and name-based hosting can complicate a browser test. Query DNS directly with a tool such as nslookup. Clear a stale cache only after checking the underlying record.",5.5,"A157, A192, C019, D013, D040, D050, D057, E055",https://learn.microsoft.com/en-us/troubleshoot/windows-client/networking/troubleshoot-dns-client-resolution-issues
C013,Networking,What does SPF do for email?,Sender Policy Framework lets a domain publish which sending hosts may use its domain in SMTP envelope identities.,Receivers can check the sender's IP against that DNS policy. SPF does not encrypt email and does not by itself authenticate the visible From header. It works with other email protections.,2.4,"B136, D009",https://www.rfc-editor.org/rfc/rfc7208
C014,Networking,How does a router differ from a modem?,A router forwards packets between IP networks. A modem connects to a particular provider access service.,"A home gateway may combine a router, modem, switch and access point in one box. Combined hardware does not make those functions identical.",2.5,"A117, B178, C091, D083, D104",https://www.cisco.com/c/en/us/solutions/small-business/resource-center/networking/networking-basics.html
C015,Networking,How does an Ethernet switch choose where to send a known unicast frame?,It uses its MAC address table to select the destination port within the VLAN.,"A switch learns source MAC addresses. It floods broadcasts and unknown unicast traffic within the applicable VLAN, except the arrival port. This differs from a hub, which repeats incoming signals to its other ports.","2.5, 2.4","A073, A083, A107, B033, B177",https://www.cisco.com/c/en/us/solutions/small-business/resource-center/networking/networking-basics.html
C016,Networking,"What does a VLAN do, and how do devices in different VLANs communicate?",A Virtual Local Area Network creates a logical Layer 2 broadcast domain. Communication between VLANs requires routing.,One physical switch can contain several VLANs. A trunk can carry multiple VLANs. Routing and access rules determine whether devices in separate VLANs can reach each other.,2.4,"A004, B023, B137, D063, E051, E065",https://www.cisco.com/c/en/us/td/docs/switches/lan/catalyst6500/ios/12-2SX/configuration/guide/book/vlans.html
C017,Networking,What does a wireless access point do?,"An AP connects wireless clients to a network, usually bridging them to a wired LAN.","AP means access point. It provides Wi-Fi access; it does not inherently provide an internet subscription, routing or DHCP. A home wireless router often includes those extra functions.",2.5,"C035, D010",https://www.cisco.com/c/en/us/solutions/small-business/resource-center/networking/networking-basics.html
C018,Networking,Why place a load balancer in front of several application servers?,It distributes requests among available servers.,This can improve capacity and availability. Health checks help avoid failed servers. A load balancer does not automatically add servers; scaling must be configured separately.,2.3,"A022, B171, C012, C110, C136",https://aws.amazon.com/what-is/load-balancing/
C019,Networking,What does a stateful firewall inspect beyond an individual packet's address and port?,It tracks the state of network connections.,"Rules decide which traffic may pass. If one service fails, inspect the relevant rule and logs. Disabling the whole firewall is not a permanent repair and can hide the actual misconfiguration.","2.5, 5.5","A178, B051, B087, C029, C094, D183",https://nvlpubs.nist.gov/nistpubs/Legacy/SP/nistspecialpublication800-41r1.pdf
C020,Networking,How does an IPS differ from an IDS?,An Intrusion Prevention System can block detected traffic; an Intrusion Detection System primarily detects and alerts.,Both look for suspicious activity. Prevention requires an enforcement mechanism and correct placement. Neither guarantees every attack will be detected.,2.5,B015,https://nvlpubs.nist.gov/nistpubs/Legacy/SP/nistspecialpublication800-94.pdf
C021,Networking,How do a web proxy and a DNS filter differ?,A proxy handles requests on a client's behalf. A DNS filter blocks or changes resolution for selected domain names.,"A proxy may enforce access rules, cache content or inspect supported traffic. DNS filtering acts at name lookup and is not the same as inspecting every packet or website page.",2.3,"B123, B175",https://www.cloudflare.com/learning/cdn/glossary/reverse-proxy/; https://www.cloudflare.com/learning/access-management/what-is-dns-filtering/
C022,Networking,What does a spam gateway do?,It examines mail and blocks or quarantines messages that match unwanted-mail rules.,"It can use reputation, content and authentication checks. False positives are possible, so administrators review quarantine and policy. A spam filter is not an email encryption service.",2.3,"B067, C146",https://learn.microsoft.com/en-us/defender-office-365/anti-spam-protection-about
C023,Networking,What is a network TAP used for?,It provides a copy of network traffic to monitoring or analysis equipment.,TAP commonly means Test Access Point. It observes traffic at a link. It does not route users' traffic to a new destination as a router does.,2.8,"B072, C038, E100",https://www.garlandtechnology.com/network-tap
C024,Networking,Which tool helps trace an unlabeled copper cable to its other end?,A compatible tone generator and probe.,The generator puts a traceable signal on the cable; the probe detects it. Use tools rated for the circuit and follow instructions for live networks. Label both ends after identification. A toner does not certify Ethernet speed.,2.8,"A011, A094, C048, C130, D195, D198",https://www.flukenetworks.com/datacom-cabling/copper-testing/IntelliTone-Pro-Toner-and-Probe
C025,Networking,"What can a wire-map cable tester find, and what does a basic continuity pass not prove?","It can find faults such as opens, shorts and miswires. Basic continuity does not prove the cable meets a high-speed category standard.",A split pair may need a tester that specifically detects it. A certifier measures performance against a cabling standard. Choose the tool for the question you need to answer.,"2.8, 5.5","C062, D184",https://www.flukenetworks.com/blog/cabling-chronicles/wire-map-testing-it-s-not-all-about-color
C026,Networking,When do you use a crimper versus a punchdown tool?,Use a crimper for compatible modular plugs. Use a punchdown tool for insulation-displacement terminals on many jacks and patch panels.,"A patch panel organizes cable terminations; it does not switch traffic. Match the tool to the connector design. Some jacks are tool-less, and fiber needs its own connector-specific procedure.","2.8, 3.2","A080, B150, B167, B151, C025, C151, C183, E007, E084, H003",https://data.kleintools.com/sites/kleintools/files/tool-catalog/82820_TelecomCatalog.pdf
C027,Networking,"What are T568A and T568B, and what connector is common on copper Ethernet patch cords?","They are twisted-pair pin assignments. The common plug is an 8-position, 8-contact connector, often called RJ45.",A straight-through cable uses the same scheme at both ends. A and B swap the orange and green pair positions. Keep each pair correctly twisted and follow the connector's wiring guide.,3.2,"A081, C133",https://www.flukenetworks.com/blog/cabling-chronicles/wire-map-testing-it-s-not-all-about-color
C028,Networking,"Can a working Category 5 link carry 1000BASE-T, or is Cat 5e always the minimum?",1000BASE-T was designed for suitable four-pair Category 5 links. Cat 5e is the common improved baseline for gigabit cabling.,"Do not memorize the false rule that every Cat 5 link is limited to 100 Mbps. Actual operation depends on cable condition, termination, length and the devices at both ends.",3.2,"A038, A199",https://www.cisco.com/c/en/us/td/docs/switches/lan/catalyst1000/hardware/installation/24_48_port_hig/b_c1000_24_48_hig/product_overview.html
C029,Networking,Which cable category supports 10GBASE-T for a full approximately 328 ft channel?,"Category 6A. Category 6 can support 10GBASE-T over shorter links, often up to about 180 ft under suitable conditions.",The full channel includes patch cords; a typical permanent link is about 295 ft. Cat 6's shorter 10-gigabit reach depends on interference and installation. Do not apply its full gigabit reach to 10-gigabit service.,3.2,"B131, D047, D148",https://jp.flukenetworks.com/knowledge-base/dtx-cableanalyzer/release-notes-version-278-dtx-cableanalyzer
C030,Networking,"How do coax, Ethernet and analog telephone cables fit into a basic home setup?",Coax with an F connector can feed a cable modem. Ethernet links the modem to the router's WAN port and the router's LAN port to a PC. RJ11 is common for analog telephone service.,"WAN means Wide Area Network; LAN means Local Area Network. An analog phone needs a working phone service or compatible voice port, not an ordinary Ethernet jack.","2.7, 3.2","A093, A096, A161, A164, C153, D011, H002",https://www.netgear.com/hub/technology/connecting-cable-modem-and-router/; https://www.flukenetworks.com/blog/cabling-chronicles/wire-map-testing-it-s-not-all-about-color
C031,Networking,"What is DSL, and what does a DSL filter do on a shared voice line?",Digital Subscriber Line carries data over telephone copper. A compatible filter keeps DSL signals out of analog phone equipment.,"The modem's DSL connection must follow the provider's wiring plan. A filter is not an Ethernet adapter, and not all modern installations use a separate plug-in filter.",2.7,"A019, D007",https://www.verizon.com/support/residential/internet/getting-started/setup-dsl
C032,Networking,Why choose optical fiber for a long link or an area with strong electrical interference?,"Fiber carries light instead of electrical signals, so the data path resists electromagnetic interference and can support long distances.","EMI means Electromagnetic Interference. Reach depends on the fiber type, transceivers, wavelength and data rate. There is no single maximum distance for all fiber links. Never look into a connected fiber end.",3.2,"B020, B053, D129, E034, E042",https://www.thefoa.org/tech/ref/basic/fiber.html
C033,Networking,What is the difference between LC and SC fiber connectors?,LC uses a smaller connector body and ferrule than SC.,LC is common on compact optical transceivers. SC uses a larger push-pull connector. Connector shape alone does not tell you the fiber mode or supported distance; match the entire link.,3.2,"C083, C166",https://www.thefoa.org/tech/ref/testing/test/conntypes.html
C034,Networking,What does a CMP cable rating mean?,"It is a communications cable rating for plenum use, with stricter flame-spread and smoke limits.","A plenum is a space used for circulating building air. CMR is a riser rating, not an automatic substitute for CMP. Use cable that meets the installation's applicable code and local requirements.",3.2,B037,https://www.belden.com/blog/communications-cable-ratings
C035,Networking,"What is PoE, and how do 802.3af and 802.3at power limits differ?",Power over Ethernet carries power and data on compatible Ethernet cabling. 802.3af supplies up to 15.4 W at the source; 802.3at PoE+ supplies up to 30 W.,The powered device receives less after cable loss: about 12.95 W or 25.5 W respectively. Match the device's standard and power demand to the port and the switch's total power budget.,2.5,"B094, B125, C099",https://www.cisco.com/c/en/us/td/docs/switches/lan/catalyst1000/hardware/installation/24_48_port_hig/b_c1000_24_48_hig/product_overview.html
C036,Networking,A switch port repeatedly goes up and down. What should you check?,"Inspect the cable and connectors, test a known-good cable or port, and review interface logs and endpoint power.","This is often called link flapping. A link light shows physical connectivity, not that DNS or internet access works. Isolate one variable at a time instead of assuming the switch is defective.",5.5,"A063, C101, D093, E057",https://www.cisco.com/c/en/us/support/docs/switches/catalyst-9500-series-switches/218397-troubleshoot-port-flaps-on-catalyst-9000.html
C037,Networking,What is a hardware loopback plug used to test?,It returns transmitted signals to the interface's receive path for a supported diagnostic test.,It can help isolate interface faults. It does not test the entire cable route or prove internet access. Use the correct plug and vendor-supported test for that interface.,2.8,"C084, E075",https://www.cisco.com/c/en/us/support/docs/routers/asr-1000-series-aggregation-services-routers/200633-Troubleshooting-interface-down-issues.pdf
C038,Networking,Why might a technician use a USB-to-serial adapter with a switch console port?,It lets a computer without a serial port access the switch's local management console.,"Match the cable pinout, electrical standard and terminal settings. An RJ45-shaped console port is not necessarily an Ethernet data port. USB means Universal Serial Bus.","3.2, 2.8","B096, C043, C140, C150, D014",https://www.cisco.com/c/en/us/support/docs/routers/7000-series-routers/12223-14.html
C039,Networking,"What do LAN, PAN, MAN and SAN mean?",Local Area Network; Personal Area Network; Metropolitan Area Network; Storage Area Network.,"A LAN serves a local site. A PAN links a person's nearby devices. A MAN spans a metropolitan area. A SAN provides networked storage access, commonly block storage; it is not merely a large office LAN.",2.7,"A084, A170, B005, B061, C020, C186, D075, D149, E053",https://www.cisco.com/c/en/us/solutions/small-business/resource-center/networking/networking-basics.html; https://www.ibm.com/think/topics/block-storage
C040,Networking,What is a VPN used for?,A Virtual Private Network provides a controlled logical connection across another network.,An encrypted remote-access VPN can protect traffic between a user and the VPN endpoint. It does not automatically protect traffic after that endpoint or make an unsafe device trustworthy.,"2.6, 1.3","B014, B048, B103, D015, D128",https://csrc.nist.gov/glossary/term/virtual_private_network
C041,Networking,What are the three jobs in AAA?,Authentication checks identity. Authorization decides allowed access. Accounting records activity.,"AAA means Authentication, Authorization and Accounting. Knowing who someone is does not by itself decide what that person may do.",2.3,C111,https://www.cisco.com/c/en/us/td/docs/wireless/controller/ewc/17-1/olh/Content/topics/c_sec_aaa_about.html
C042,Networking,Which services normally use ports 80 and 443?,HTTP commonly uses TCP 80. HTTPS commonly uses TCP 443 with TLS.,"HTTP means Hypertext Transfer Protocol. TLS means Transport Layer Security. HTTPS protects the connection; it does not prove that a site's claims are honest. HTTP/3 uses QUIC over UDP, commonly on 443.","2.1, 2.3","A051, B110, D067",https://www.rfc-editor.org/rfc/rfc9110; https://www.rfc-editor.org/rfc/rfc9114
C043,Networking,What are the standard FTP control and active-mode data ports?,File Transfer Protocol uses TCP 21 for control and traditionally TCP 20 for active-mode data.,"Passive mode uses a server-selected data port. Plain FTP does not encrypt credentials or files. SFTP is a different protocol carried over SSH, normally TCP 22.",2.1,"A068, E032, E047",https://www.rfc-editor.org/rfc/rfc959
C044,Networking,"What is SMTP, and which ports matter for sending email?","Simple Mail Transfer Protocol sends mail. TCP 25 is common for server-to-server transfer; 587 is message submission, and 465 is submission with implicit TLS.",SMTP is not the usual protocol for reading a mailbox. Encryption depends on the negotiated service and settings; a port number alone is not proof of security.,2.1,"A123, B081",https://www.rfc-editor.org/rfc/rfc5321; https://www.rfc-editor.org/rfc/rfc8314
C045,Networking,Which familiar remote-login and mail ports should you remember?,Telnet: TCP 23. SSH: TCP 22. IMAP over implicit TLS: TCP 993. POP3 over implicit TLS: TCP 995.,SSH means Secure Shell. IMAP means Internet Message Access Protocol; POP3 means Post Office Protocol version 3. Telnet sends ordinary session data without encryption; choose a supported secure alternative.,2.1,"A174, A175, B193, C175, D147, D192",https://www.iana.org/assignments/service-names-port-numbers/service-names-port-numbers.xhtml; https://www.rfc-editor.org/rfc/rfc4251; https://www.rfc-editor.org/rfc/rfc8314
C046,Networking,"What does RDP provide, and what port is normally associated with it?","Remote Desktop Protocol provides a remote graphical desktop. It normally uses port 3389, with TCP and UDP support.","A remote desktop shows and controls a session on another system. Reachability, authentication and security policy still matter; an open port alone does not grant access.",2.1,D111,https://learn.microsoft.com/en-us/troubleshoot/windows-server/remote/ports-used-by-rds
C047,Networking,Which port must a modern SMB scan-to-folder connection normally reach?,TCP 445 for Server Message Block.,"SMB provides network file sharing. A scanner also needs a valid share path, supported SMB version, credentials and write permission. SMTP ports do not replace the SMB file-sharing port.","2.1, 3.7","C028, D018, E073, E080",https://learn.microsoft.com/en-us/windows-server/storage/file-server/file-server-smb-overview
C048,Networking,How do TCP and UDP differ?,"Transmission Control Protocol provides an ordered, reliable byte stream. User Datagram Protocol sends datagrams without built-in delivery or ordering guarantees.","UDP has less transport machinery, which can suit real-time traffic. Applications can add reliability on top of it. Neither protocol automatically encrypts the payload.",2.1,"D115, E008",https://www.rfc-editor.org/rfc/rfc9293; https://www.rfc-editor.org/rfc/rfc768
C049,Networking,Why use a central syslog service?,It collects device event messages in one place for troubleshooting and monitoring.,"Compare timestamps and events across systems. Logs can show link changes or errors, but a message must be interpreted in context. Syslog is a logging protocol, not a DNS or address-assignment service.","2.3, 5.5","D036, D052, D185, E078",https://www.rfc-editor.org/rfc/rfc5424
C050,Networking,"Why can satellite internet be useful remotely, yet have noticeable delay?",It can reach places without wired access. Signals must travel to and from satellites.,"Geostationary satellites create much more propagation delay than low-Earth-orbit systems. Do not assume all satellite services have identical latency. Obstructions, weather, congestion and the provider's design also matter.",2.7,"A031, A059, C119",https://www.esa.int/Enabling_Support/Space_Transportation/Types_of_orbits
C051,Networking,A voice call sounds choppy even though a speed test is fast. Which measurements matter?,"Packet loss, jitter and latency, as well as available bandwidth.",VoIP means Voice over Internet Protocol. Jitter is variation in delay. A high download rate does not guarantee packets arrive steadily enough for clear real-time audio.,5.5,C085,https://www.cisco.com/c/en/us/support/docs/availability/high-availability/24121-saa.html
C052,Networking,What does an ONT do in a fiber-to-the-premises connection?,"An Optical Network Terminal terminates the provider's optical access link and presents supported customer-side services, often Ethernet.",It converts between the provider's optical system and the customer interfaces. A separate router may still be needed. An ONT is not just a passive fiber connector.,2.5,C129,https://www.verizon.com/support/residential/homephone/service-equipment/ont
C053,Wireless,"Which bands do 802.11a, b, g, n and ac use?",802.11a: 5 GHz. b and g: 2.4 GHz. n: 2.4 or 5 GHz. ac: 5 GHz.,"A dual-band router may offer 2.4 GHz using another standard alongside ac. GHz means gigahertz, a frequency unit; it is not the same as a data rate in Gbps.",2.2,"A132, B085, B155, B191",https://www.cisco.com/c/en/us/td/docs/wireless/controller/9800/technical-reference/wireless-rf-reference-guide.html
C054,Wireless,How do Wi-Fi 6 and Wi-Fi 6E differ?,Both use 802.11ax. Wi-Fi 6E extends it into the 6 GHz band.,"Wi-Fi 6 commonly operates in 2.4 and 5 GHz. A 6E connection needs a compatible AP, client and regional support. A Wi-Fi 6-only client cannot gain 6 GHz support through a new SSID name.",2.2,"C070, C080, C115, D091",https://www.cisco.com/c/en/us/support/docs/wireless/catalyst-9166-series-access-points/220526-configure-and-verify-wi-fi-6e-band-opera.html; https://www.cisco.com/c/en/us/td/docs/wireless/controller/9800/technical-reference/wireless-rf-reference-guide.html
C055,Wireless,What does MIMO add to Wi-Fi?,"Multiple Input, Multiple Output uses multiple transmit and receive paths. Spatial streams can carry more data when supported.","Both ends must support the relevant features. MU-MIMO means Multi-User MIMO. Antenna count, channel width and stream count influence the link; they do not guarantee internet speed.",2.2,"A054, A149",https://www.cisco.com/c/en/us/products/collateral/wireless/aironet-1850-series-access-points/datasheet-c78-734256.html
C056,Wireless,Which 2.4 GHz channels are commonly selected to avoid overlap in the United States?,"Channels 1, 6 and 11 with conventional narrow channel planning.",Nearby Wi-Fi and devices such as microwave ovens can interfere. Measure local conditions and use 20 MHz channels where appropriate. These channel numbers are not the plan for 5 or 6 GHz.,"2.2, 5.5","A052, A091, A110, B009, B168, C013, C143, C179, D073",https://www.cisco.com/c/en/us/td/docs/wireless/controller/9800/technical-reference/wireless-rf-reference-guide.html
C057,Wireless,Why should an AP use the correct country or regulatory setting?,"Allowed channels, transmit power and operating rules vary by location.",Do not change the country setting to bypass restrictions. Some 5 GHz channels require radar detection and channel changes. Local approval determines which 6 GHz features are allowed.,2.2,"A064, C030, E026",https://www.cisco.com/c/en/us/td/docs/wireless/controller/9800/technical-reference/wireless-rf-reference-guide.html
C058,Wireless,What should you measure before moving or adding an AP?,"Coverage, signal quality, channel use, interference and client capacity.",A Wi-Fi analyzer helps inspect nearby networks and channels. Walls and mounting position affect coverage. Use a site survey; a stronger signal alone does not rule out a congested channel or bad uplink.,"2.8, 5.5","B076, B152, D038",https://www.cisco.com/c/en/us/support/docs/wireless/wireless-lan-controller-software/220877-troubleshoot-wireless-speed-issues.pdf
C059,Wireless,What is a sound modern Wi-Fi security choice for compatible personal devices?,"Use WPA3-Personal where supported, or a properly configured WPA2-AES option for necessary compatibility.",Use a strong passphrase and a separate guest network when needed. WEP and original WPA are obsolete protections. An SSID is the network name. Hiding it or filtering MAC addresses does not replace encryption and authentication.,"2.6, 5.5","B044, B180, C077, D069, D169",https://support.apple.com/en-us/102766
C060,Wireless,A laptop is connected to Wi-Fi but has no internet. What should you test next?,"Separate the local wireless link from IP configuration, the gateway, DNS and the upstream internet connection.","Compare another client and, if possible, a wired connection. Association with an AP proves only part of the path. Replacing the wireless adapter is not justified by this symptom alone.",5.5,"B012, C001, D175",https://www.cisco.com/c/en/us/support/docs/wireless/wireless-lan-controller-software/220877-troubleshoot-wireless-speed-issues.pdf
C061,Wireless,Wi-Fi becomes weak immediately after laptop service. What physical item deserves inspection?,The wireless antenna leads and their correct connection to the adapter.,Use the model's service manual and power-down procedure. A disconnected antenna can reduce signal greatly while the adapter still appears in the operating system.,"1.1, 5.4","B117, C022, D058, D079, D103, E012",https://dl.dell.com/topicspdf/latitude-14-5420-laptop_owners-manual_en-us.pdf
C062,Wireless,A laptop cannot find Wi-Fi networks. Which basic settings should you check?,"Check that Wi-Fi is enabled and that a hardware switch, function key or airplane-mode setting has not disabled it.","Airplane mode controls radios, but some systems let Wi-Fi or Bluetooth be turned back on separately. Verify actual radio settings. A phone may use cellular data when Wi-Fi is unavailable, depending on settings.","1.3, 5.4","A155, A158, D200, E006",https://support.microsoft.com/en-us/windows/experience/connectivity-networking/essential-network-settings-and-tasks-in-windows
C063,Wireless,What does Wi-Fi band steering try to do?,"It encourages capable clients to use a preferred band, often moving suitable clients away from crowded 2.4 GHz.",The client's behavior and AP implementation affect the result. It does not convert a 2.4 GHz-only adapter into a 5 GHz adapter or guarantee a particular speed.,2.2,D136,https://www.cisco.com/c/en/us/td/docs/wireless/controller/9800/26-1/configuration-guide/wl-26-1-cg/configuring-802-11-parameters-and-band-selection/information-about-configuring-band-selection.html
C064,Wireless,How do you connect a new Bluetooth keyboard?,"Enable Bluetooth, put the keyboard in discoverable pairing mode, select it, and confirm any requested code.","Pairing establishes the relationship between devices. Check power, distance, existing connections and compatibility if discovery fails. A Bluetooth keyboard does not need a Wi-Fi internet connection.","1.2, 1.3","A147, B027, B090, C072, C108, C123, D197, E095",https://support.microsoft.com/en-us/windows/pair-a-bluetooth-device-in-windows-2be7b51f-6ae9-b757-a3b9-95ee40c3e242
C065,Wireless,"What is NFC, and why is it useful for tap-to-pay or quick pairing?",Near Field Communication is a very short-range radio technology operating at 13.56 MHz.,Devices are normally brought within a small fraction of an inch to around an inch for a tap. NFC may exchange a small payload or start a Bluetooth connection; it is not the best choice for sustained large-file transfers.,"1.2, 2.2","A014, A177, B064, B069, B115, C008, C009, D109, E116, F001, F002",https://nfc-forum.org/learn/nfc-technology/
C066,Wireless,What does RFID do?,"Radio Frequency Identification uses radio signals to identify tags, such as inventory labels or badges.","Passive tags draw operating energy from a reader; active tags have their own power source. Range varies greatly by system. RFID is a technology family, not one fixed frequency or distance.",2.2,"C113, D032, E024",https://support.gs1.org/support/solutions/articles/43000733398-what-is-the-difference-between-passive-and-active-tags-
C067,Mobile devices,What is MDM used for?,"Mobile Device Management centrally configures and manages enrolled phones, tablets and other endpoints.","An organization can distribute settings and apps and enforce supported policies. Capabilities depend on device ownership, platform and enrollment type. Enrollment does not mean every personal detail becomes visible to IT.",1.3,"A018, C172, D094, D161",https://learn.microsoft.com/en-us/intune/fundamentals/what-is-intune
C068,Mobile devices,How can a laptop use a phone's cellular internet connection?,"Use the phone's supported hotspot or tethering feature over Wi-Fi, USB or Bluetooth.","A hotspot commonly shares cellular service over Wi-Fi; tethering is the broader sharing idea. A compatible cellular modem is another option. Carrier plans, coverage and data allowances still apply.",1.3,"A075, A163, B046, C007, C054, C158, D017, D101",https://support.apple.com/en-us/111785
C069,Mobile devices,"What is a SIM, and what does LTE mean?","SIM means Subscriber Identity Module. LTE means Long Term Evolution, a cellular network technology commonly associated with 4G.","A SIM or eSIM supplies subscription identity information. It is not the phone's general photo-storage card. A compatible modem, active plan and supported network are also required.",1.3,"B173, B179",https://support.apple.com/en-us/118669
C070,Mobile devices,"What does GPS provide, and does receiving GPS signals require a cellular data plan?",Global Positioning System provides position and timing. A GPS receiver can receive satellite signals without a cellular plan.,An app may still need data to download maps or use assisted-location services. Buildings and poor sky visibility can reduce accuracy. GPS is not the same service as mobile internet.,1.3,"B066, C049, C189",https://www.gps.gov/space-segment
C071,Mobile devices,"What is synchronization, and why might it use a lot of data?",Sync keeps selected data consistent across devices or a cloud service.,"Large photos and files can consume bandwidth and storage. Check which account and folders are selected and whether cellular sync is allowed. Deletions may synchronize too, so sync alone is not a separate backup.",1.3,"A154, B010, B035, B049, B078",https://support.microsoft.com/en-us/onedrive/sync-your-computer-s-files-and-folders-with-onedrive
C072,Mobile devices,Why mark a connection as metered or limit cellular background data?,To reduce unexpected usage on a connection with a data allowance or usage-based charges.,A metered setting can limit some background downloads. It does not change the carrier's billing rules or guarantee that every application stops transferring data.,"1.3, 5.4","B164, B182, E087",https://support.microsoft.com/en-us/windows/metered-connections-in-windows-7b33928f-a144-b265-97b6-f2e95a87c408
C073,Mobile devices,How does MMS differ from SMS?,Multimedia Messaging Service can carry media such as pictures. Short Message Service carries short text messages.,"Carrier support and settings matter. A messaging app may use an internet-based service instead, so a picture-message failure does not automatically prove the phone's camera is broken.",1.3,C102,https://support.apple.com/en-us/104972
C074,Mobile devices,"The display shows a normal image, but touches are missed or land in the wrong place. Which function is involved?",The touch digitizer and its input path.,"The digitizer turns touches into location data. Check supported calibration, driver and settings first. Inspect hardware and connections if appropriate. A working image does not prove the touch layer works, and not every screen supports manual calibration.","1.1, 5.4","A015, A025, A071, B031, B086, C059, C079, D081, D098, D112, E037, E099, E121",https://www.dell.com/support/kbdoc/en-us/000132121/how-to-troubleshoot-touchscreen-touch-panel-issues
C075,Mobile devices,Why might an active stylus fail on a touchscreen that works with a finger?,"The screen and pen may use incompatible digitizer technology, or the pen may need power or pairing.",An active pen can provide pressure or button features. Compatibility is model-specific; a generic capacitive stylus does not provide every active-pen function.,1.2,"C177, D053",https://support.microsoft.com/en-us/surface/pen/surface-pen-compatibility-and-features
C076,Mobile devices,A tablet will not rotate its display. What should you check before replacing a sensor?,"Check rotation lock, app support and whether the device is in a mode that allows rotation.","Some apps lock their orientation. If supported apps still fail with rotation unlocked, test the sensor and device software. One screen staying upright is not enough to diagnose failed hardware.",5.4,B146,https://support.apple.com/en-us/102499
C077,Mobile devices,What is biometric authentication?,"It uses a physical characteristic, such as a fingerprint or supported facial recognition, to help verify identity.","The sensor, software and enrollment must support the method. A normal webcam does not automatically support secure facial sign-in. Follow the approved fallback process if the sensor fails.",1.1,"B082, D176, D196",https://learn.microsoft.com/en-us/windows/security/identity-protection/hello-for-business/
C078,Mobile devices,A phone's runtime is much shorter than before. What should you compare?,"Battery health, application usage, screen brightness, radio conditions and charging behavior.","An aging battery can hold less energy, but heavy workloads and weak cellular signal can also drain it. A short runtime alone does not prove which part needs replacement.",5.4,"A100, A143, B107, B185, D061, D139",https://support.apple.com/en-us/101575
C079,Mobile devices,A laptop case or touchpad bulges because of a swollen battery. What should you do?,"Stop using the device, turn it off, disconnect external power and arrange manufacturer-approved battery service.","Do not puncture, crush or force the battery out. Swelling can damage nearby parts. Follow the maker's handling and disposal process instead of continuing to charge it.",5.4,"A074, B194, C063, D041, D077, E119",https://www.dell.com/support/kbdoc/en-us/000128491/swollen-battery-information-and-guidance
C080,Mobile devices,A device charges only when its cable is held at an angle. What should you investigate?,"The cable, connector and charging port for damage, looseness or debris.","Test a compatible known-good cable and charger. Follow approved cleaning instructions; do not force metal objects into the port. A damaged port may need service, but the symptom alone does not identify the failed part.",5.4,"A136, A137, B095, B144, D117, D164",https://support.apple.com/en-us/108805
C081,Mobile devices,Why is a charger with the right plug not always a suitable charger?,"The voltage, power capability and charging protocol must also match the device.","W means watts, a power unit. A low-power charger or power bank may charge slowly or fail under load. USB Power Delivery negotiates supported power; the cable also needs the correct rating.","1.2, 5.4","A156, B080, D133, D141",https://www.dell.com/support/kbdoc/en-au/000125125/how-to-troubleshoot-ac-adapter-issues; https://www.usb.org/usb-charger-pd
C082,Mobile devices,A laptop stops detecting its battery after service. What should you check?,Follow the model's service procedure to inspect the battery connection and related cables.,Do not work on internal connections while power is attached. Confirm correct seating and compatible parts before assuming the battery has failed. Disassembly steps differ between models.,1.1,"A179, B034, B050",https://dl.dell.com/topicspdf/latitude-14-5420-laptop_owners-manual_en-us.pdf
C083,Mobile devices,What should you do when liquid reaches a device or its charging connector?,"Disconnect external power when safe, stop using or charging it, and follow the manufacturer's drying or service instructions.","Do not apply heat or insert objects into a wet connector. A liquid-contact indicator can show exposure, but it does not identify every damaged component or prove the whole device is repairable.",5.4,"B016, C163",https://support.apple.com/en-us/102643
C084,Mobile devices,A phone becomes very hot and shows a temperature warning. What should you do?,"Stop demanding activity and charging, move it out of direct heat, and let it cool in a normal environment.","Heavy workloads, charging and hot surroundings can raise temperature. Do not put it in a freezer. Persistent overheating needs diagnosis, especially if accompanied by swelling or damage.",5.4,B070,https://support.apple.com/en-us/118431
C085,Mobile devices,Why can a phone with almost no free storage fail to update or save photos?,"It may lack the space needed for new files, temporary work and updates.",Review storage usage and safely remove or move unnecessary data. Confirm backups before deleting personal files. Extra RAM does not increase the phone's file-storage capacity.,5.4,B188,https://support.apple.com/en-us/108429
C086,Mobile devices,A phone charges from a USB cable but does not transfer files. What should you check?,"Check whether the cable supports data, the device is unlocked, the required trust or transfer mode is enabled, and the computer recognizes it.",Charging alone does not prove a working data connection. Some older Apple devices use Lightning; newer models may use USB-C. Choose the connector and data support for the actual model.,1.2,"B079, C192, D122",https://support.apple.com/guide/iphone/connect-iphone-and-your-computer-with-a-cable-iph42d9b3178/ios
C087,Computer hardware,A computer slows down when many apps are open and heavily pages to disk. Which upgrade may help most?,"More compatible RAM, if monitoring confirms memory pressure and the system supports an upgrade.","RAM means Random Access Memory. Paging uses storage to support virtual memory and is slower than accessing RAM. An SSD can improve storage responsiveness, but it does not replace adequate working memory.","3.3, 5.1","A003, A045, A062, B139, E117",https://learn.microsoft.com/en-us/troubleshoot/windows-client/performance/introduction-to-the-page-file
C088,Computer hardware,What must match when you buy replacement RAM?,"The supported DDR generation, form factor, capacity, voltage and module type, plus the system's speed and population rules.",DDR means Double Data Rate. DDR4 and DDR5 are not interchangeable. A stick fitting the slot is not a full compatibility test. Mixing modules may reduce speed or fail; use the system's supported specifications.,3.3,"B102, C155, C168, D108, E029",https://www.kingston.com/en/memory
C089,Computer hardware,"What does ECC memory do, and is it a rival to DDR5?",Error-Correcting Code memory detects and corrects supported memory errors. ECC and DDR5 describe different properties.,A module can be DDR5 and system-level ECC. The processor and board must support that ECC function. DDR5's internal on-die correction alone is not the same as full system-level ECC protection.,3.3,"A188, B149, D042, E009",https://www.intel.com/content/www/us/en/support/articles/000100193/processors/intel-xeon-processors.html
C090,Computer hardware,"What does SODIMM mean, and where is it common?",Small Outline Dual In-line Memory Module. It is a compact RAM module used in many laptops and small computers.,"It is smaller than a conventional desktop DIMM. Some laptops use soldered memory or other module formats, so never assume every laptop has replaceable SODIMMs.",3.3,"C023, E043",https://www.kingston.com/en/memory
C091,Computer hardware,Why install RAM in the motherboard's recommended paired slots?,It can enable the intended multi-channel memory configuration and increase memory bandwidth.,A channel is a data path between the memory controller and RAM. Slot colors are not a universal rule. Follow the board's population diagram and use compatible modules.,3.3,"B077, C169",https://www.kingston.com/en/memory/memory-population-rules
C092,Computer hardware,A computer recognizes only part of its installed RAM. What should you check?,"Firmware detection, supported capacity, module seating, population rules and operating-system limits or reservations.","The CPU, motherboard and OS can each impose limits. Integrated graphics may reserve some memory. Do not assume adding a larger module guarantees the system can use it.","3.3, 5.1","B154, B187, C109, E031",https://www.kingston.com/en/memory
C093,Computer hardware,How can you investigate suspected faulty RAM?,"Run supported diagnostics, then isolate modules and slots using the manufacturer's safe service procedure.",Crashes and freezes have many causes. A reproducible test failure is stronger evidence than a symptom alone. Disconnect power and use electrostatic-discharge precautions before touching modules.,5.1,"A152, B122, B129, B138, B147",https://www.dell.com/support/kbdoc/en-ca/000126068/how-to-diagnose-and-resolve-common-memory-issues-on-a-dell-desktop-pc
C094,Computer hardware,"What is POST, and does the same beep pattern always mean the same fault?",Power-On Self-Test checks hardware during startup. Beep and light codes vary by manufacturer and model.,Look up the exact model's diagnostic code. No POST differs from no power and from an operating system that fails to boot. Do not memorize a universal meaning for 'three beeps.',5.1,"A008, A140, B025, C200, E039",https://www.dell.com/support/kbdoc/en-ca/000126068/how-to-diagnose-and-resolve-common-memory-issues-on-a-dell-desktop-pc
C095,Computer hardware,A desktop has no lights or fans. What should you check first?,"Check the outlet, power cable, power strip and PSU switch, then use supported power diagnostics.",PSU means Power Supply Unit. Verify simple external causes before opening the chassis. A dark system can have several causes; it is not automatic proof of a failed motherboard.,5.1,"A181, C047, C086",https://www.dell.com/support/kbdoc/en-us/000125609/resolve-no-power-no-post-no-boot-or-no-video-issues-with-your-dell-computer
C096,Computer hardware,What matters when selecting a replacement desktop PSU?,"Enough rated DC output for the actual components, suitable headroom, correct connectors, physical fit and compatible AC input.",AC is alternating current; DC is direct current. Efficiency is not the percentage of labeled wattage you may use. A 750 W PSU is not reduced to 600 W merely because it is 80% efficient. Check the unit's label rather than assuming every PSU needs a manual voltage switch.,3.6,"A024, A092, A139, B017, B065, B118, B198, B126, C024, C088, C100, D003, D028, D068, D090, D106",https://www.corsair.com/ww/en/p/psu/cp-9020170-na/vs-series-vs450-450-watt-80-plus-white-certified-psu-cp-9020170-na; https://help.corsair.com/hc/en-us/articles/14641912717453-PSU-Efficiency-Ratings-Explained
C097,Computer hardware,"What should you do before internal service, or if a computer smells burnt or contains a loose metal screw?","Shut it down, disconnect all power sources and follow the service manual before inspection.",Standby power may remain while plugged in. A loose screw can short a circuit. Never open a PSU enclosure or touch damaged capacitors; hazardous stored energy can remain. Replace or service the appropriate assembly through qualified procedures.,"3.6, 5.1","A130, B127, C144, D064, E041, E049, E052, E066",https://www.dell.com/support/manuals/en-in/latitude-5420-laptop/5420_sp14_sm/safety-precautions?guid=guid-30eeebf7-b61e-422e-bf3e-75335ec500e3&lang=en-us
C098,Computer hardware,What does a redundant PSU arrangement provide?,"With the correct configuration and capacity, the remaining supply can keep the system running if one supply fails.","Redundancy is not simply adding both nameplate wattages for a larger load. For hot replacement, verify the supported procedure and that the other feed can carry the load.",3.6,"B148, C154",https://www.dell.com/support/kbdoc/en-in/000141313/poweredge-psu-how-to-remove-or-replace-a-power-supply-unit
C099,Computer hardware,"What is a UPS, and why is it useful?",An Uninterruptible Power Supply provides temporary battery-backed power when utility power fails.,It gives time for continued short operation or an orderly shutdown. Runtime depends on battery condition and load. A surge protector alone cannot provide battery runtime.,3.6,A061,https://www.eaton.com/content/dam/eaton/products/backup-power-ups-surge-it-power-distribution/backup-power-ups/eaton-ups-fundamentals-handbook-en-us-2025.pdf
C100,Computer hardware,Why can a new PC fail to start even when its large motherboard power connector is attached?,It may also need the correct CPU power connector and any required GPU auxiliary power.,"CPU means Central Processing Unit; GPU means Graphics Processing Unit. Similar-looking modular PSU cables are not universally interchangeable. Follow the exact PSU, board and GPU instructions.","3.5, 3.6","C021, D099, E079",https://help.corsair.com/hc/en-us/articles/10700487373197-PSU-How-to-Avoid-Current-Overload-Connector-Issues
C101,Computer hardware,Is matching a CPU socket enough to guarantee processor compatibility?,"No. The board must also support that CPU through its chipset, firmware and power design.",A socket is the physical CPU connection. Check the motherboard's supported CPU list and required firmware version. Avoid forcing a processor or relying only on a family name such as Core i7.,3.5,A076,https://www.intel.com/content/www/us/en/support/articles/000027816/processors/intel-core-processors.html
C102,Computer hardware,What is simultaneous multithreading?,SMT lets one physical CPU core handle more than one hardware thread at a time.,"The operating system sees logical processors. Intel calls a form of this Hyper-Threading. Extra logical processors are not extra physical cores, and performance gains depend on the workload.",3.5,D008,https://www.intel.com/content/www/us/en/support/articles/000006513/processors.html
C103,Computer hardware,A computer slows or shuts down under load. How do you investigate overheating?,"Check temperatures, fans, vents, dust, heatsink mounting and thermal-interface material using the service procedure.",A heatsink moves heat away from a chip; thermal paste fills tiny contact gaps. Thermal throttling reduces performance to control temperature. Do not guess a universal safe temperature for every CPU.,"3.5, 5.1","B083, C016, C037, C075, C093, D024, D046, D116, E004, E017, E105",https://www.dell.com/support/kbdoc/en-us/000130867/how-to-troubleshoot-a-overheating-shutdown-or-thermal-issue-on-a-dell-pc; https://www.intel.com/content/www/us/en/gaming/resources/how-to-apply-thermal-paste.html
C104,Computer hardware,A desktop repeatedly loses the clock after being unplugged. Which part may need attention?,"The RTC backup battery, often a coin cell.","RTC means Real-Time Clock. A weak battery can affect timekeeping and, on some systems, firmware settings. Confirm the model's design and use the specified replacement; not every modern setting is stored the same way.","3.5, 5.1","A082, D096, D189",https://i.dell.com/sites/csdocuments/Business_solutions_engineering-Docs_Documents/en/r815-tech-guide.pdf
C105,Computer hardware,How do a firmware setup password and Secure Boot differ?,A setup password restricts changes to firmware settings. Secure Boot verifies trusted signatures in the boot process.,"UEFI means Unified Extensible Firmware Interface. A setup password is not disk encryption. Secure Boot is a trust check, not a general guarantee that the operating system contains no malware.",3.5,"A172, B109",https://learn.microsoft.com/en-us/windows/security/operating-system-security/system-security/trusted-boot; https://www.dell.com/support/kbdoc/en-us/000219905/how-to-set-a-bios-admin-password-on-a-dell-computer
C106,Computer hardware,"What is a TPM, and why should recovery keys be available before major firmware or hardware changes?",A Trusted Platform Module protects cryptographic operations and keys. Changes can cause protected disk encryption to request recovery.,A vTPM provides a virtual TPM for a supported virtual machine. TPM presence alone does not mean the disk is encrypted. Preserve recovery access according to the organization's procedure.,"3.5, 4.1","B124, B166, B190, C073, C092",https://learn.microsoft.com/en-us/windows/security/hardware-security/tpm/trusted-platform-module-overview; https://learn.microsoft.com/en-us/windows/security/operating-system-security/data-protection/bitlocker/recovery-overview
C107,Computer hardware,Why must power remain stable during a firmware update?,An interrupted update can leave the device unable to start correctly.,Use firmware for the exact model and follow its prerequisites and recovery instructions. Firmware is low-level code stored on the device. Do not install random firmware as a first guess for every problem.,"3.5, 3.7","D026, D120",https://ftp.hp.com/pub/softlib/software13/printers/E62655_65_75/readme_E62655_65_75_fs4.pdf
C108,Computer hardware,A PC tries to start from the wrong device after a storage change. What should you check?,Check drive detection and the intended boot entry or boot order in UEFI/BIOS.,The firmware selects the boot path. A detected disk still needs a valid boot configuration. Do not reformat a drive merely because the boot order or firmware mode is wrong.,"3.5, 5.2","A176, C184, D113, D142, E112",https://dl.dell.com/topicspdf/latitude-14-5420-laptop_owners-manual_en-us.pdf
C109,Computer hardware,"What does PCIe mean, and what do x1 and x16 describe?",Peripheral Component Interconnect Express. The x number describes the number of lanes in a link.,A physical x16 slot may be wired for fewer lanes. Bandwidth also depends on the PCIe generation and both devices' support. Check the motherboard's lane-sharing rules.,3.5,"B006, D055",https://www.intel.com/content/www/us/en/gaming/resources/what-is-pcie-4-and-why-does-it-matter.html
C110,Computer hardware,What does a SMART warning mean?,"Self-Monitoring, Analysis and Reporting Technology has detected a drive-health condition that needs attention.",Protect important data and run the drive maker's diagnostics. SMART does not detect every failure. A filesystem check is not a substitute for responding to a physical drive-health warning.,5.2,"A001, D060, D155, E101",https://www.seagate.com/support/kb/my-system-reported-a-smart-error-on-the-drive-184619en/
C111,Computer hardware,A hard drive clicks repeatedly and has read errors. What is a sensible response?,Protect recoverable data and investigate possible drive failure using appropriate diagnostics or recovery service.,"Repeated unnecessary use can worsen some failures. Check connections too, but do not assume a filesystem repair fixes mechanical damage. A current tested backup reduces the impact.",5.2,"A046, A069, A141, C005, C105, D086, E044",https://www.seagate.com/support/kb/my-system-reported-a-smart-error-on-the-drive-184619en/
C112,Computer hardware,Why choose an SSD instead of a spinning HDD for a mobile computer?,"A Solid-State Drive has no moving read head or spinning platter, so it is quiet and generally more resistant to movement-related shock.","A Hard Disk Drive often offers more capacity per dollar. Choose based on compatibility, workload, capacity and budget. Neither type eliminates the need for backups.",3.4,"A089, B199, C131, C180, D012, D019, E013, E023",https://www.kingston.com/en/ssd/desktop-laptop-workstations
C113,Computer hardware,Does M.2 automatically mean NVMe?,"No. M.2 describes a physical card and connector family. A storage slot or drive may support SATA, PCIe/NVMe, or a specified subset.","Match the electrical interface, keying and supported card length. M.2 2280 is about 0.87 by 3.15 inches; the name retains the standard's size code. A physically fitting drive may still be unsupported.",3.4,"A013, A056, A113, C196, D159, D163, E085",https://www.kingston.com/en/ssd/ssd-faq
C114,Computer hardware,"How do SATA, eSATA and NVMe differ?","SATA is Serial ATA, a storage interface. eSATA exposes SATA externally. NVMe is Non-Volatile Memory Express, a storage protocol commonly used over PCIe.",NVMe is designed for efficient access to nonvolatile storage such as SSDs. An M.2 SATA SSD does not become NVMe because it is small. Match the host interface and enclosure.,"3.2, 3.4","A067, B007, B056, B141, B159, B160, D194, E020",https://www.kingston.com/en/ssd/ssd-faq; https://www.kingston.com/en/ssd/ssd-faq
C115,Computer hardware,"What is SAS, and is it the same as SATA?",Serial Attached SCSI is a storage interface common in enterprise systems. It is different from SATA.,"SCSI means Small Computer System Interface. Many SAS controllers support suitable SATA drives, but a SATA-only controller cannot operate a SAS drive. Check the controller and enclosure support list.",3.4,"C141, C182, D023",https://www.seagate.com/support/kb/sas-solid-state-drive-installation-instructions-005705en/
C116,Computer hardware,"What is eMMC, and how does it differ from a removable USB flash drive?","Embedded MultiMediaCard combines flash storage and a controller in an embedded package, usually soldered to the device.","A USB flash drive is removable external storage. Both retain data without power, but their interfaces, performance and serviceability differ. Do not assume an eMMC chip is an upgradeable drive bay.",3.4,"D126, D182",https://www.kingston.com/en/embedded
C117,Computer hardware,A computer reports that its storage volume is almost full. Is more RAM the fix?,No. Free or expand storage space after checking what is using it.,RAM is working memory; the storage volume holds files and applications. Protect important data before cleanup. A full volume can prevent updates or temporary-file creation even when plenty of RAM is available.,5.2,"A135, B104",https://support.microsoft.com/en-us/windows/free-up-drive-space-in-windows-85529ccb-c365-490d-b548-831022bc9b32
C118,Computer hardware,What should you plan before replacing a boot HDD with an SSD?,"Confirm compatibility and capacity, make a verified backup, and choose a supported clone or clean-install process.",Cloning copies a disk layout; it does not automatically fix existing corruption or ensure every target is bootable. Test the new boot drive before removing your recovery options.,3.4,C045,https://www.kingston.com/en/blog/personal-storage/use-your-old-ssd-as-external-storage
C119,Computer hardware,What can a lock tab on a full-size SD card or adapter do?,It signals write protection to a compatible reader.,"SD means Secure Digital. If files can be read but not written, inspect the tab and reader before assuming the card is full or broken. The tab is not encryption or a password.",3.4,E113,https://www.sdcard.org/developers/sd-standard-overview/
C120,Computer hardware,Why might a recorded optical disc fail in another compatible player?,The recording format may be unsupported or the disc may need finalization.,"Finalization closes the disc or session in a way required by some players. Media type and player support also matter. This is an optical-disc compatibility check, not an SSD maintenance step.",3.4,B043,https://www.sony.com/electronics/support/articles/00009285
C121,Computer hardware,What are RAID 0's main benefit and main risk?,"It stripes data across drives for performance and combined capacity, but provides no drive-failure tolerance.","RAID means Redundant Array of Independent Disks, although RAID 0 has no redundancy. If one member fails, the striped volume can be lost. RAID 0 is not a backup.",3.4,"C004, C125, D022, D076",https://www.dell.com/support/kbdoc/en-us/000128635/dell-servers-what-are-the-raid-levels-and-their-specifications
C122,Computer hardware,How does a two-drive RAID 1 array work?,It mirrors the same data on both drives and can continue after one member fails.,"Usable capacity is limited to roughly one member's capacity, assuming equal drives and ignoring overhead. Mirroring also copies unwanted changes, so a separate backup is still necessary.",3.4,"A053, D059, D123",https://www.dell.com/support/kbdoc/en-us/000128635/dell-servers-what-are-the-raid-levels-and-their-specifications
C123,Computer hardware,How does RAID 10 combine performance and redundancy?,"It stripes across mirrored pairs, normally requiring at least four drives and an even drive count.",It can survive one failed disk in each mirror pair. It cannot survive every possible two-drive failure: losing both members of one pair loses that pair's data.,3.4,"A166, A180, B098, B197, C081, E061",https://www.intel.com/content/www/us/en/support/articles/000005867/technologies.html
C124,Computer hardware,"You need 600 GB usable space and tolerance of one failed drive, using the fewest drives. What two-drive layout fits?","Two 600 GB drives in RAID 1, giving about 600 GB usable before overhead.",One drive's data is mirrored to the other. Two 300 GB drives in RAID 0 give 600 GB total but fail the fault-tolerance requirement. RAID 5 needs at least three drives.,3.4,F008,https://www.dell.com/support/kbdoc/en-us/000128635/dell-servers-what-are-the-raid-levels-and-their-specifications
C125,Computer hardware,"Four 1 TB drives form a standard RAID 10 array. What is the usable capacity, and can a fifth drive be an extra active member?","About 2 TB before overhead. A fifth drive can be a configured spare, but is not an extra active member of a standard four-drive mirrored-pair layout.",Half the raw capacity holds mirrored copies. A spare does not add usable space; it can help replace a failed member when the controller supports that process.,3.4,G001,https://www.intel.com/content/www/us/en/support/articles/000005867/technologies.html
C126,Computer hardware,A RAID array is degraded. What must you identify before replacing a drive?,"Read the controller's member status and logs to locate the failed or missing member, then follow its supported replacement procedure.",Use a compatible replacement of adequate capacity. A degraded array has reduced protection; rebuilding adds workload and takes time. A summary saying 'degraded' does not identify a bay by itself.,5.2,"B024, C006, C076, C078, C148, D006, D125, E089, H005",https://downloads.dell.com/topicspdf/poweredge-rc-h740p_Users-Guide_en-us.pdf
C127,Computer hardware,Why do some RAID controllers protect their write-back cache with a battery or flash backup?,Write-back can acknowledge a write before it reaches the drives; protected cache helps preserve pending writes after power loss.,"Unprotected cached writes can be lost. Stripe size and read/write policies are controller or array settings, not replacement-drive capacity specifications.","3.4, 5.2",B026,https://downloads.dell.com/topicspdf/poweredge-rc-h740p_Users-Guide_en-us.pdf
C128,Computer hardware,Does having several physical disks always mean the operating system sees several separate disks?,No. A RAID controller can present a logical volume built from several physical drives.,Physical members and logical volumes are different levels of the storage layout. Check the controller configuration before assuming a missing separate drive letter means a disk is faulty.,"3.4, 5.2",D144,https://www.intel.com/content/www/us/en/support/articles/000005867/technologies.html
C129,Computer hardware,What is a self-encrypting drive?,An SED performs supported data encryption within the drive's own hardware.,"Encryption must be correctly configured and access keys protected. The label does not guarantee that access is locked, that recovery is available, or that backups are unnecessary.",3.4,D187,https://www.seagate.com/files/staticfiles/support/docs/manual/Interface%20manuals/100515636c.pdf
C130,Computer hardware,How should you choose hardware for gaming or video editing?,"Start with the application's workload and requirements, then balance CPU, GPU, RAM, storage, cooling and power.","VRAM is Video Random Access Memory used by graphics hardware. More of one resource helps only when it addresses the workload. A CPU family label, clock speed or GPU memory size alone cannot rank whole systems reliably.","3.5, 5.1","A095, A133, C040, C120, C137, D045",https://www.intel.com/content/www/us/en/gaming/resources/what-is-bottlenecking-my-pc.html; https://www.intel.com/content/www/us/en/products/docs/processors/cpu-vs-gpu.html
C131,Computer hardware,A device fails immediately after a driver change. What is a useful first lead?,"Investigate the recent change and verify the correct, supported driver and device status.",A driver lets the OS communicate with hardware. Use the manufacturer or approved update source. A targeted rollback or supported update may help; replacing hardware without testing the software cause is premature.,5.1,"A041, C011, C071, D089, D145, E027, E067",https://support.microsoft.com/en-us/windows/update-drivers-through-device-manager-in-windows-ec62f46c-ff14-c91d-eead-d7126dc1f7b6
C132,Displays and peripherals,A monitor says 'No signal.' What should you check before replacing it?,"Confirm power, the selected input, the cable and the computer's video output.",The display can have power while receiving no usable signal. Test with a known-good cable or source to narrow the fault. A no-signal message alone does not prove a failed GPU.,"3.1, 5.3","A044, A122, B057, C041, C116, C160, D085, E068, E118",https://www.dell.com/support/kbdoc/en-tw/000132110/how-to-troubleshoot-a-dell-desktop-monitor?lang=en
C133,Displays and peripherals,"A laptop's external monitor works, but the built-in screen has lines or changes when the lid moves. What does that suggest?","Investigate the built-in display path, including its cable, connector and panel.",The comparison helps isolate the problem but does not prove one component. Follow the service manual and power-down procedure before inspecting a display cable. Persistent physical panel damage generally requires replacement.,"5.3, 5.4","A125, B039, B052, B112, B128, D107, D135, E036, E108",https://www.dell.com/support/kbdoc/en-tw/000132110/how-to-troubleshoot-a-dell-desktop-monitor?lang=en; https://dl.dell.com/topicspdf/latitude-14-5420-laptop_owners-manual_en-us.pdf
C134,Displays and peripherals,An LCD shows a very faint image under a flashlight. Which subsystem may have failed?,The backlight or its power path.,LCD means Liquid Crystal Display. Many current LCDs use LED backlighting; some older CCFL-backlit displays use an inverter. Do not prescribe an inverter replacement for every dim modern screen. Check brightness settings too.,"3.1, 5.3","A042, B038, B133, E025, E115",https://www.dell.com/support/kbdoc/en-us/000134946/how-to-troubleshoot-display-or-video-issues-on-dell-laptop-lcd-panel
C135,Displays and peripherals,"How does OLED differ from a backlit LCD, and what is burn-in?",Organic Light-Emitting Diode pixels emit their own light. Burn-in is persistent uneven wear that leaves a visible image pattern.,OLED does not use a separate LCD backlight. Long-lived static content can contribute to uneven wear. Temporary image retention and permanent burn-in are not automatically the same fault.,"3.1, 5.3","C002, C194, D188",https://support.apple.com/en-us/109039
C136,Displays and peripherals,What should you adjust when a display looks stretched or text looks poorly scaled?,"Check the display's native resolution, aspect ratio and operating-system scaling.",Resolution is the pixel grid; aspect ratio is width compared with height. Color settings and profiles affect appearance separately. Changing color depth will not fix every shape or scaling problem.,"3.1, 5.3","B089, B181, C106, C134, C188",https://support.microsoft.com/en-us/windows/change-your-screen-resolution-and-layout-in-windows-5effefe3-2eac-e306-0b5d-2073b765876b
C137,Displays and peripherals,A TV shows a computer's HDMI picture but has no sound. What should you check?,"Select the correct HDMI audio output and check volume, mute, cable and device support.","HDMI means High-Definition Multimedia Interface and can carry audio and video. The OS may still send sound to another output. A supported USB audio device is another sound interface, not a video-cable repair.","3.2, 5.3","A016, A131, C032, C089, E096, E102",https://www.hdmi.org/spec/hdmi1_4b; https://support.microsoft.com/en-us/windows/fix-sound-or-audio-problems-in-windows-73025246-b61c-40fb-671a-2535c7cd56c8
C138,Displays and peripherals,What does HDMI ARC do?,Audio Return Channel sends supported TV audio back to a receiver or soundbar over a compatible HDMI connection.,Both devices and the chosen ports must support the feature. ARC is not the term for ordinary one-way video from a computer to a display.,3.2,B157,https://www.hdmi.org/spec/hdmi1_4b
C139,Displays and peripherals,Why might protected video fail even though the desktop appears normally?,"The source, display or connection may not support the required HDCP protection.",High-bandwidth Digital Content Protection checks the protected media path. Confirm compatible equipment and settings. A working desktop image does not prove support for every protected video format.,"3.1, 5.3",B101,https://www.digital-cp.com/hdcp-specifications
C140,Displays and peripherals,How do VGA and DVI differ from HDMI for a basic A+ connection question?,"VGA is an analog video interface. DVI can carry digital video, and some variants also carry analog video. HDMI carries digital video and audio.",VGA means Video Graphics Array; DVI means Digital Visual Interface. A passive DVI-to-HDMI adapter does not guarantee audio or convert arbitrary analog signals to digital.,3.2,"B162, D056, E086, E094",https://www.dell.com/support/kbdoc/en-us/000132029/a-guide-to-the-external-ports-and-connectors-on-a-dell-computer
C141,Displays and peripherals,A projector image is blurry. What basic adjustments should you try?,"Adjust focus and placement, then inspect the lens and source resolution using the manual.",A dirty lens or excessive digital keystone correction can reduce clarity. Keystone distortion is a trapezoid-shaped image caused by projection geometry; it is different from simple blur.,5.3,"B060, D131, G007",https://files.support.epson.com/docid/cpd5/cpd51854/source/troubleshooting/reference/problem_image_blurry_no_auto_keystone.html
C142,Displays and peripherals,"A lamp-based projector shuts down with a heat warning, or reports lamp replacement due. What should guide service?",Use its indicators and manual to check cooling or lamp life. Let it cool before any supported maintenance.,Clear blocked ventilation and inspect filters as directed. Reset a lamp counter only after the required lamp replacement. Laser and LED projectors do not necessarily use a replaceable lamp.,5.3,"A010, C010, D143, E005",https://download.epson.com.sg/manuals/Projector%20Safety%20Instruction_Safety_412792200EN.pdf
C143,Displays and peripherals,Does the USB-C connector guarantee a specific speed?,"No. USB-C describes the connector. The device, port and cable must all support the desired USB data mode.","USB 2.0 is up to 480 Mbps; USB 3.2 modes include 5, 10 and 20 Gbps. Mbps and Gbps mean millions and billions of bits per second. The slowest supported link capability limits operation.",3.2,"A114, B184, D193",https://www.usb.org/sites/default/files/usb_type-c_language_product_and_packaging_guidelines_20230320.pdf; https://www.usb.org/usb-32-0
C144,Displays and peripherals,Why are a Thunderbolt 3 port and an ordinary USB-C port not automatically equivalent?,Thunderbolt 3 uses the USB-C connector but requires Thunderbolt support; it can provide up to 40 Gbps of link bandwidth.,"Connector shape alone does not promise Thunderbolt, display output or full charging power. Thunderbolt 4 also uses USB-C with a 40 Gbps baseline; check actual port and cable capabilities.",3.2,"B071, B169",https://www.intel.com/content/www/us/en/architecture-and-technology/thunderbolt/overview.html
C145,Displays and peripherals,Why might several USB devices fail when connected to one unpowered hub?,Their combined power demand may exceed what the hub's upstream connection can supply.,A properly powered hub can supply more power within its specifications. Bandwidth is shared too. A hub does not multiply the speed of the host connection.,"1.2, 5.1","C031, D025, E093",https://www.usb.org/usb-charger-pd
C146,Displays and peripherals,"What does a docking station add, and why might only some of its ports work?","A dock can add displays, networking, peripherals and power through one connection. Each feature depends on host, cable, dock and power compatibility.","A USB-C-shaped connector alone does not ensure video or charging support. For a failing dock network port, also check its driver and Ethernet link rather than assuming the entire laptop network is broken.","1.2, 5.4","A134, B130, C195, C199, D130, D150, E064",https://www.dell.com/support/kbdoc/en-us/000124295/guide-to-dell-docking-stations
C147,Displays and peripherals,What does a KVM switch let you share?,"One Keyboard, Video display and Mouse across multiple computers.",A KVM switch changes which computer receives those input/output devices. It does not combine the computers' CPU power or act as a general network switch.,"1.2, 3.2",A088,https://sgcdn.startech.com/005329/media/sets/SV431DPUA2/SV431DPUA2_usermanual.pdf
C148,Displays and peripherals,A laptop types unexpected characters or its function keys behave differently. What should you check?,"Check keyboard layout, Num Lock/Fn behavior and relevant settings before diagnosing broken keys.","A layout mismatch can change symbols without hardware damage. For sticky or failed keys, use the manufacturer's cleaning and service procedure. Do not spray liquid directly into the keyboard.","1.1, 5.4","A055, A086, B134, D080, D134",https://support.microsoft.com/en-US/Windows/Hardware/input-devices/mouse-and-keyboard-problems-in-windows
C149,Displays and peripherals,A mouse or touchpad does not respond. What basic checks help isolate the cause?,"Check power, connection or pairing, whether the touchpad is disabled, and the supported driver.",Try a known-good device or another port when appropriate. A failed pointer does not automatically mean the motherboard is defective. Keep accessibility and function-key settings in mind.,"1.1, 5.4","A187, B170",https://support.microsoft.com/en-US/Windows/Hardware/input-devices/mouse-and-keyboard-problems-in-windows
C150,Displays and peripherals,A webcam works in one app but fails in another. What should you investigate?,"The failing app's selected camera, permissions and possible conflicts with other camera-using apps.","Also check any privacy shutter or switch. For an external webcam, confirm the USB connection. If every app fails, test the driver and hardware path. One app failure is not proof of a damaged camera.","1.1, 5.4","A034, A050, C157",https://support.microsoft.com/en-us/windows/hardware/camera/camera-doesn-t-work-in-windows
C151,Displays and peripherals,"Before a meeting, how can you verify that a headset microphone works?","Select the intended input device, check mute and app permissions, and make a short test recording or call.",Hearing audio through the headset only proves the output path. The microphone is a separate input path. Check both the OS and meeting app's selection.,5.4,"C033, D030, E058",https://support.microsoft.com/en-us/windows/fix-sound-or-audio-problems-in-windows-73025246-b61c-40fb-671a-2535c7cd56c8
C152,Displays and peripherals,"What is a peripheral, and how can it differ from a dedicated-purpose device?","A peripheral adds input, output or storage to a computer. A kiosk or IoT device is built for a narrower task.",IoT means Internet of Things: network-connected physical devices such as sensors. A touchscreen can be a peripheral within a kiosk; the terms describe different aspects of the setup.,"1.2, 2.6","A109, A126, A196",https://csrc.nist.gov/glossary/term/internet_of_things
C153,Printers,"Which printer type is well suited to multipart forms, and what makes the copies?","An impact printer, such as dot matrix. Its strikes transfer ink to the first sheet and pressure creates the additional form copies.","The ribbon supplies ink. Replacing a worn ribbon may improve the top sheet, while paper type and printhead gap also affect multipart output. A laser printer does not strike through a form stack.",3.8,"A005, B073, D119",https://files.support.epson.com/htmldocs/lx50__/lx50__ug/paper_2.htm
C154,Printers,How do direct thermal and thermal-transfer printers differ?,Direct thermal uses heat-sensitive media. Thermal transfer uses heat to move material from a ribbon onto the label.,"A direct thermal printer does not require an ink ribbon. Wrong media, heat settings or a dirty head can affect output. Choose the method and approved media for the label's required durability.",3.8,"A077, A085, B045, B121, D039",https://prod-www.zebra.com/us/en/resource-library/faq/difference-between-direct-thermal-and-thermal-transfer-printing.html
C155,Printers,Toner rubs off a laser print. Which process should you investigate?,Fusing: the stage that bonds toner to the paper using heat and pressure.,"Check supported paper and the matching media setting first, then the fuser or related hardware. The symptom is a clue, not proof that replacing the fuser is always the first step.","3.8, 5.6","B054, D001, E069, F007",https://support.hp.com/ca-en/document/ish_6747730-6747774-16
C156,Printers,What safety precautions matter around a laser printer's fuser and loose toner?,"Let hot components cool and follow the manufacturer's cleaning procedure. Use only toner-rated, static-safe cleanup equipment when specified.",Do not use an ordinary household vacuum or blow toner into the air. A fuser can remain hot after shutdown. Avoid touching sensitive drum surfaces or servicing high-voltage parts without authorization.,3.8,"B100, C055, C118",https://h10032.www1.hp.com/ctg/Manual/c05786470.pdf
C157,Printers,"A laser print has lines, repeated shadows or a solid black page. Can one symptom identify one universal failed part?","No. Compare the printer's internal test page, supplies and model-specific defect guide.","Drum, cartridge, charging, fusing and paper-path issues can create different defects. Repeating intervals can help identify a rotating component. Use supported tests rather than memorizing 'every line means a bad drum.'",5.6,"A006, A072, B088, B108, C003, C149, C198, D072, D154, E003",https://support.hp.com/ca-en/document/ish_6747730-6747774-16
C158,Printers,"Copies made through the ADF have a line, but flatbed copies and normal prints are clean. What should you check?",The narrow document-feeder scanning glass and its matching surfaces.,"ADF means Automatic Document Feeder. A small mark stays in one position while the page moves past it, creating a long line. Follow the approved cleaning method.",5.6,"B161, C039",https://support.hp.com/us-en/document/ish_2056394-2056383-16
C159,Printers,What does an ADF do?,An Automatic Document Feeder moves original pages into a scanner or copier without placing each page on the flatbed by hand.,It handles input pages. It is not the same as a printer's output duplexer. Check whether the particular ADF supports scanning both sides.,3.7,"A058, C053",https://support.hp.com/us-en/document/ish_2056394-2056383-16
C160,Printers,What is duplex printing?,Printing on both sides of a sheet.,Automatic duplex hardware turns or routes the page internally; manual duplex asks the user to reinsert it. Choose the correct binding edge so the back side is not upside down.,3.7,"A048, A105, A189, B099, D054, D153, E070",https://download.brother.com/welcome/doc002441/hl5380dn_ukeng_usr_b.pdf
C161,Printers,How do a pickup roller and separation pad help feed paper?,The pickup roller draws paper from the tray. The separation mechanism helps prevent multiple sheets feeding together.,"Worn or dirty parts can cause feed failures, but paper condition and loading also matter. Use the model's cleaning and replacement procedure.","3.8, 5.6","B189, D121, E010, E097",https://download.brother.com/welcome/doc002441/hl5380dn_ukeng_usr_b.pdf
C162,Printers,A printer reports a paper jam even after the visible sheet is removed. What should you inspect?,"The full accessible paper path for scraps, obstructions, covers and sensor flags, following the manual.",Pull paper in the instructed direction to avoid damage. A manual-feed prompt may instead mean the job requests another tray or size. Do not bypass a sensor to make the warning disappear.,5.6,"A037, C152, E048",https://help.brother-usa.com/app/answers/detail/a_id/182556/~/jam-error-messages
C163,Printers,Why must the loaded paper match the driver and tray settings?,"Size and media type affect feeding, page layout and, on laser printers, fusing conditions.","US Letter is 8.5 × 11 inches; Legal is 8.5 × 14 inches. Wrong settings can cause clipped output, prompts or jams. Select supported media rather than forcing oversized paper through a tray.","3.7, 5.6","B004, B200, C014, C187, D065, D179, E038, E104",https://h10032.www1.hp.com/ctg/Manual/c05786470.pdf
C164,Printers,A printer produces unreadable symbols after installation. What should you verify?,"That the selected driver, operating-system support and print language match the printer.",A driver translates print jobs into a format the printer understands. PCL means Printer Command Language. Different operating systems may need different supported drivers or driverless printing support.,"3.7, 5.6","A036, A066, A118, B062, C046, C082, C181, E022",https://support.hp.com/ca-en/document/c03265802
C165,Printers,"Simple pages print, but complex documents trigger a printer memory error. What may help?","Reduce job complexity or resolution, use the appropriate driver, or add supported printer memory if the model allows it.","The printer needs resources to process the page. This does not automatically mean the PC needs more RAM, and many printers cannot accept memory upgrades.",5.6,A200,https://download.brother.com/welcome/doc002441/hl5380dn_ukeng_usr_b.pdf
C166,Printers,A document does not print. What should you check in the print queue?,"Confirm the correct printer, online status and whether the job is paused, blocked or waiting behind an error.",A queue holds jobs waiting to print. Check the device itself for paper or supply messages. Clear or restart only the affected work as appropriate; reinstalling everything is not the first necessary step.,5.6,"A120, B030",https://support.microsoft.com/en-us/windows/hardware/printer/troubleshooting-offline-printer-problems-in-windows
C167,Printers,How does a shared printer differ from a printer reached directly over the network?,A shared printer is accessed through a host or print server. A directly addressed network printer has its own network connection.,"For a host-shared printer, the sharing host and permissions must be available. A managed print server can distribute queues and drivers. A USB cable alone does not make a printer directly network-addressable.",3.7,"A106, A146, A162, D138",https://support.microsoft.com/en-US/Windows/hardware/printer/share-a-printer-as-a-network-printer
C168,Printers,How can a shared printer prevent a confidential job from sitting in the output tray unattended?,Use supported secure or held printing that requires release at the device.,"A PIN, badge or authenticated release can hold the job until the user arrives. This protects physical pickup; it does not automatically encrypt every network transfer or stored copy.",3.7,"A028, D070, D158, E035, E083",https://support.hp.com/us-en/document/c05500352
C169,Printers,Which common network printing ports should you recognize?,IPP: TCP 631. LPD/LPR: TCP 515. Raw socket printing: commonly TCP 9100.,IPP means Internet Printing Protocol. LPD/LPR refers to Line Printer Daemon/Remote. Use the printer's supported service and security settings; these are not all encrypted by default.,"2.1, 3.7","C165, E056",https://www.pwg.org/ipp/ippguide.html; https://learn.microsoft.com/en-us/troubleshoot/windows-server/printing/standard-port-monitor-for-tcpip
C170,Printers,What settings does scan-to-email usually need?,"A supported SMTP server, port, authentication method, encryption settings and an allowed sender address.",SMTP sends the scanned message. Check current service requirements and the printer's capabilities; a DNS server or SMB share path is not a substitute for mail-server configuration.,3.7,E063,https://support.hp.com/us-en/document/c04085355
C171,Printers,An inkjet print has missing bands or misaligned lines. Which maintenance tools may help?,Use a nozzle check and approved head cleaning for missing output; use printhead alignment for alignment errors.,"Inkjet printers spray tiny drops of ink. Cleaning consumes ink and should follow the manual. Printer calibration can improve supported color or registration problems, but it does not repair every mechanical fault.","3.8, 5.6","C126, D074, D157, D166",https://files.support.epson.com/docid/cpd4/cpd40326/source/printers/source/troubleshooting/reference/problem_faint.html; https://files.support.epson.com/docid/cpd6/cpd65049/source/pro_graphics/source/maintenance/concepts/print_head_alignment_scf9570.html
C172,Printers,How do you choose and install printer supplies or a maintenance kit?,Use the exact model's supported part numbers and replacement instructions.,"A kit may include rollers or a fuser; contents vary. Toner is powder for laser printing, while ink is used by inkjets. Reset a maintenance counter only after the required work is completed.",3.8,"C122, E107",https://www.hp.com/us-en/tech-takes/printers/maintenance/laserjet-printer-maintenance-kits-guide.html
C173,Printers,A phone cannot find a wireless printer. What should you verify?,"The printer is powered and connected, the phone can reach its network, and both support the intended mobile-printing method.",Guest isolation or separate networks may block discovery. AirPrint is one supported method for compatible Apple devices and printers; not every Wi-Fi printer supports every mobile print protocol.,"3.7, 5.6",E110,https://support.apple.com/en-us/102895
C174,Cloud and virtualization,"A provider rents you virtual machines, and you manage their operating systems. Which service model is this?","Infrastructure as a Service, or IaaS.","You rent compute, storage and networking while retaining more software responsibility. The provider manages the underlying infrastructure. Renting a VM does not make the guest OS maintenance someone else's job.",4.2,"A009, B105, D140",https://azure.microsoft.com/en-us/resources/cloud-computing-dictionary/what-are-iaas-paas-and-saas
C175,Cloud and virtualization,You deploy application code while the provider manages the underlying runtime platform. Which model fits?,"Platform as a Service, or PaaS.",It supplies an application platform so developers can focus on code and data. The exact responsibility boundary depends on the service; it is different from renting a bare VM to administer yourself.,4.2,A065,https://azure.microsoft.com/en-us/resources/cloud-computing-dictionary/what-are-iaas-paas-and-saas
C176,Cloud and virtualization,Employees use a provider-hosted email application. Which service model fits?,"Software as a Service, or SaaS.","Users consume an application instead of maintaining its underlying server platform. They still manage their accounts, access choices and data responsibilities.",4.2,"B019, B120, C087, D044",https://azure.microsoft.com/en-us/resources/cloud-computing-dictionary/what-are-iaas-paas-and-saas
C177,Cloud and virtualization,How do public and private clouds differ?,Public cloud serves a broad customer market. Private cloud is reserved for one organization.,"Private describes exclusive use, not necessarily location or ownership. A private cloud can be run off-site by a third party. Public cloud does not mean every customer's stored files are public.",4.2,"B084, B163, B192, C069, E062",https://nvlpubs.nist.gov/nistpubs/Legacy/SP/nistspecialpublication800-145.pdf
C178,Cloud and virtualization,"What is a hybrid cloud, and what is a community cloud?",Hybrid cloud connects distinct cloud environments. Community cloud is reserved for organizations with shared concerns.,"A private cloud connected with a public cloud can form a hybrid design. Community members might share mission or compliance needs. These are deployment models, not the IaaS/PaaS/SaaS service models.",4.2,"A144, B156, C027, D066, D152",https://nvlpubs.nist.gov/nistpubs/Legacy/SP/nistspecialpublication800-145.pdf
C179,Cloud and virtualization,"What do elasticity, measured service and resource pooling mean?",Elasticity adjusts capacity with demand. Measured service tracks usage. Resource pooling shares provider resources among consumers.,"Multi-tenancy means multiple customers use shared underlying infrastructure with logical separation. Keeping unnecessary capacity permanently allocated is overprovisioning, not the definition of elasticity.",4.2,"A026, A049, A098, A111, A150, B013, B114, B183, C057, C058, C060, C095, C097, D027, D088, E002, E021",https://nvlpubs.nist.gov/nistpubs/Legacy/SP/nistspecialpublication800-145.pdf
C180,Cloud and virtualization,How does high availability differ from elasticity?,High availability aims to keep a service accessible during failures. Elasticity changes capacity to match demand.,Redundant instances and failover support availability; scaling supports changing load. The two can work together. Neither word alone guarantees zero downtime or an unlimited budget.,4.2,"C026, C156, E019",https://learn.microsoft.com/en-us/azure/reliability/concept-business-continuity-high-availability-disaster-recovery
C181,Cloud and virtualization,Does moving to the cloud remove the customer's security responsibilities?,No. Responsibilities are shared and vary by service model.,"Customers still need appropriate account access and data handling. With IaaS, they commonly manage the guest OS too. Read the specific service's responsibility model instead of assuming the provider does everything.",4.2,"D165, D174",https://learn.microsoft.com/en-us/azure/security/fundamentals/shared-responsibility
C182,Cloud and virtualization,"What does a hypervisor do, and how do Type 1 and Type 2 differ?",It creates and manages virtual machines. Type 1 runs at the hardware layer; Type 2 runs through a host operating system.,A VM presents virtual hardware to a guest OS. A management interface that looks like a desktop app does not by itself determine the hypervisor type.,4.1,"A090, A169",https://learn.microsoft.com/en-us/windows-server/virtualization/hyper-v/overview; https://docs.oracle.com/en/virtualization/virtualbox/7.1/user/Introduction.html
C183,Cloud and virtualization,What resources must a virtualization host supply?,"Enough supported CPU capability, RAM, storage performance and capacity, and networking for the host plus its guests.",Allocate resources for the actual workloads. Several guests can compete for the same physical hardware. More GHz or a larger SSD alone cannot prove a machine is the best VM host.,4.1,"A020, A195, C056",https://learn.microsoft.com/en-us/windows-server/virtualization/hyper-v/host-hardware-requirements
C184,Cloud and virtualization,A supported hypervisor says hardware virtualization is disabled. What should you check?,"Check the firmware setting for CPU virtualization, such as Intel VT-x or AMD-V/SVM.",The exact label varies. Intel VT-d concerns directed I/O and is not the same switch as VT-x. Confirm the CPU and hypervisor requirements before changing settings.,"4.1, 3.5","C052, D156",https://learn.microsoft.com/en-us/windows-server/virtualization/hyper-v/host-hardware-requirements
C185,Cloud and virtualization,"How do NAT, bridged and host-only VM networking differ?",NAT shares the host's outward network path. Bridged networking places the guest on the external network. Host-only networking links the host and selected guests locally.,"NAT means Network Address Translation. Default host-only networking does not provide ordinary external access. Details vary by hypervisor, and custom routing can change isolation.",4.1,"A115, A148, B172, C042",https://docs.oracle.com/en/virtualization/virtualbox/7.1/user/networkingdetails.html
C186,Cloud and virtualization,"What is a sandbox, and why is a VM not an absolute safety boundary?","A sandbox is a restricted environment for testing. A VM separates a guest from the host, but configuration and software flaws can weaken that separation.","Limit shared folders, clipboard, device access and network connectivity for risky testing. A VM escape is a breach from guest to host. Do not assume running malware in any VM makes it harmless.",4.1,"A032, A035, B059, B116, C036, C132, C147, D005, D016, D071, D097, D100, E059, E074, E077",https://learn.microsoft.com/en-us/windows/security/application-security/application-isolation/windows-sandbox/windows-sandbox-configure-using-wsb-file
C187,Cloud and virtualization,Why use a VM to test an operating system or support a legacy application?,It provides a separate guest environment without dedicating a whole physical machine.,"Check guest support, licensing, hardware dependencies and security. A VM does not automatically make an old OS secure or make software for a different CPU architecture run natively.",4.1,"A197, B106, C044, C067, D051, D082, D110, D114, D127, E014",https://learn.microsoft.com/en-us/windows-server/virtualization/hyper-v/overview; https://docs.oracle.com/en/virtualization/virtualbox/7.1/user/Introduction.html
C188,Cloud and virtualization,Why is a VM snapshot or checkpoint not a complete backup strategy?,It records a recoverable state but may depend on the original virtual disks and storage system.,"If the underlying storage is lost, a local checkpoint can be lost too. Maintain supported independent backups and test restoration. Snapshot and checkpoint behavior varies by platform.",4.1,"C103, D049",https://learn.microsoft.com/en-us/windows-server/virtualization/hyper-v/checkpoints
C189,Cloud and virtualization,How does VDI differ from application virtualization?,Virtual Desktop Infrastructure provides a hosted desktop session. Application virtualization delivers or isolates an application without necessarily providing an entire desktop.,The client still needs suitable connectivity and access. A thin client relies heavily on remote resources. Poor network performance can affect the experience even when the server is fast.,4.1,"B113, B140, C145, D020, D167, D177",https://learn.microsoft.com/en-us/azure/virtual-desktop/overview; https://learn.microsoft.com/en-us/windows/application-management/app-v/appv-for-windows
C190,Cloud and virtualization,How does a typical container differ from a full VM?,A container isolates an application and its dependencies while sharing the host kernel. A VM normally runs its own guest OS kernel.,"Containers are often lighter to start, but they are not miniature hardware VMs. Kernel and platform compatibility still matter, and isolation is not a promise of perfect security.",4.1,E098,https://docs.docker.com/get-started/docker-concepts/the-basics/what-is-a-container/
